{
  "jigsaw": {
    "character_length_statistics": {
      "25%": 96.0,
      "50%": 205.0,
      "75%": 435.0,
      "90%": 889.0,
      "95%": 1355.0,
      "count": 159571.0,
      "max": 5000.0,
      "mean": 394.0732213246768,
      "min": 6.0,
      "std": 590.7202819048917
    },
    "class_distribution": {
      "counts": {
        "0": 143346,
        "1": 16225
      },
      "positive_ratio": 0.10167887648758234
    },
    "empty_string_text_count": 0,
    "exact_duplicate_count": 0,
    "feature_percentages": {
      "all_caps_tokens": 0.34863477699582,
      "digits": 0.3209355083317144,
      "emails": 0.0024315195116907207,
      "repeated_punctuation": 0.1018982145878637,
      "urls": 0.03191056018950812
    },
    "missing_label_count": 0,
    "missing_null_text_count": 0,
    "normalized_duplicate_count": 258,
    "source_dataset": "jigsaw",
    "total_row_count": 159571,
    "word_length_statistics": {
      "25%": 17.0,
      "50%": 36.0,
      "75%": 75.0,
      "90%": 152.0,
      "95%": 230.0,
      "count": 159571.0,
      "max": 1411.0,
      "mean": 67.27352714465661,
      "min": 1.0,
      "std": 99.23070219290521
    }
  }
}
